busRouteId,rtNm,seq,stId,arsId,stationNm,stop_lon,stop_lat,direction,trnstnid
100100047,271,1,106000101,07195,용마문화복지센터.서일대후문,127.09538,37.586485,월드컵파크7단지,113000181
100100047,271,2,106000100,07194,서일대학교,127.09687,37.589193,월드컵파크7단지,113000181
100100047,271,3,106000097,07191,면일초등학교,127.0984,37.592017,월드컵파크7단지,113000181
100100047,271,4,106000095,07189,용마공원입구,127.099437,37.59392,월드컵파크7단지,113000181
100100047,271,5,106000071,07165,우림시장,127.099288,37.595575,월드컵파크7단지,113000181
100100047,271,6,106000069,07163,봉우재고개,127.0973048687,37.5951120639,월드컵파크7단지,113000181
100100047,271,7,106000067,07161,혜원여중고입구,127.095553,37.594772,월드컵파크7단지,113000181
100100047,271,8,106000065,07159,혜원사거리,127.0936742231,37.5943706333,월드컵파크7단지,113000181
100100047,271,9,106000063,07157,상봉신협,127.0905684056,37.5936531571,월드컵파크7단지,113000181
100100047,271,10,106000061,07155,면목6거리,127.0872031229,37.5929402273,월드컵파크7단지,113000181
100100047,271,11,106000059,07153,중랑구시설관리공단,127.083713,37.59224,월드컵파크7단지,113000181
100100047,271,12,106000057,07151,상봉2동주민센터,127.081088,37.591647,월드컵파크7단지,113000181
100100047,271,13,106000055,07149,동부시장남문입구,127.078259265,37.5907703673,월드컵파크7단지,113000181
100100047,271,14,106000053,07147,중랑초등학교,127.07427,37.589507,월드컵파크7단지,113000181
100100047,271,15,106000051,07145,서울우유앞,127.073171,37.591323,월드컵파크7단지,113000181
100100047,271,16,105000009,06009,중랑교,127.0676664848,37.5917575509,월드컵파크7단지,113000181
100100047,271,17,105000011,06011,삼육서울병원.삼육보건대학교,127.0606858682,37.589691279,월드컵파크7단지,113000181
100100047,271,18,105000013,06013,시조사삼거리.회기역,127.056888,37.588707,월드컵파크7단지,113000181
100100047,271,19,105000014,06014,떡전교사거리.동대문노인복지관,127.0520133159,37.5864447699,월드컵파크7단지,113000181
100100047,271,20,105000478,06021,청량리미주아파트.동대문세무서,127.048395,37.58278,월드컵파크7단지,113000181
100100047,271,21,105000015,06015,청량리역환승센터,127.0454307288,37.5804025104,월드컵파크7단지,113000181
100100047,271,22,105000480,06022,청량리청과물도매시장,127.0406051232,37.5787911202,월드컵파크7단지,113000181
100100047,271,23,105000481,06024,제기동역.서울약령시,127.0353228624,37.5782168464,월드컵파크7단지,113000181
100100047,271,24,105000483,06026,용두동사거리.한국의류시험연구원,127.0282360085,37.5771723903,월드컵파크7단지,113000181
100100047,271,25,105000485,06028,신설동역,127.0238433051,37.575826798,월드컵파크7단지,113000181
100100047,271,26,100000367,01044,동묘앞.서울혜화경찰서,127.0195527812,37.5742464626,월드컵파크7단지,113000181
100100047,271,27,100000365,01037,동대문역.흥인지문,127.0124191046,37.5721524474,월드컵파크7단지,113000181
100100047,271,28,100000397,01022,종로6가.동대문종합시장,127.0057137364,37.5711272339,월드컵파크7단지,113000181
100100047,271,29,100000395,01020,종로5가역.광장시장,126.9996038113,37.570930167,월드컵파크7단지,113000181
100100047,271,30,100000393,01018,종로4가.종묘,126.995396,37.570637,월드컵파크7단지,113000181
100100047,271,31,100000391,01016,종로3가역.탑골공원,126.9899877751,37.5703605443,월드컵파크7단지,113000181
100100047,271,32,100000389,01014,종로2가,126.986536,37.570238,월드컵파크7단지,113000181
100100047,271,33,100000387,01012,종로1가.종각역,126.9816283242,37.5702710116,월드컵파크7단지,113000181
100100047,271,34,100000385,01010,광화문역,126.9778802991,37.5702396638,월드컵파크7단지,113000181
100100047,271,35,100000379,01008,서울역사박물관.경희궁앞,126.97076,37.569515,월드컵파크7단지,113000181
100100047,271,36,101000305,01006,서대문역사거리,126.966893,37.566137,월드컵파크7단지,113000181
100100047,271,37,112000429,13046,충정로역,126.9624710247,37.5598429758,월드컵파크7단지,113000181
100100047,271,38,113000478,13044,아현역,126.956889,37.557396,월드컵파크7단지,113000181
100100047,271,39,113000475,13042,웨딩타운,126.952552,37.55724,월드컵파크7단지,113000181
100100047,271,40,113000411,13025,이대역,126.9472705221,37.5568755655,월드컵파크7단지,113000181
100100047,271,41,113000417,13023,신촌오거리.2호선신촌역,126.938693,37.555731,월드컵파크7단지,113000181
100100047,271,42,113000416,13021,신촌오거리.현대백화점,126.9345037666,37.5559833987,월드컵파크7단지,113000181
100100047,271,43,113000415,13019,동교동삼거리,126.92951964,37.5577646946,월드컵파크7단지,113000181
100100047,271,44,113000506, ,홍대입구역(가상),126.9259252365,37.5586515499,월드컵파크7단지,113000181
100100047,271,45,113000414,14016,홍대입구역,126.924317,37.557325,월드컵파크7단지,113000181
100100047,271,46,113000413,14014,서교동,126.9200216767,37.5541724774,월드컵파크7단지,113000181
100100047,271,47,113000128,14219,합정역2번출구,126.9156095164,37.5510604429,월드컵파크7단지,113000181
100100047,271,48,113000153,14244,메세나폴리스,126.912933,37.550946,월드컵파크7단지,113000181
100100047,271,49,113000156,14247,성산초등학교입구,126.912262,37.553218,월드컵파크7단지,113000181
100100047,271,50,113000157,14248,기업은행서교동지점(최규하대통령가옥),126.9114638988,37.5547915422,월드컵파크7단지,113000181
100100047,271,51,113000160,14251,망원시장.망원동월드컵시장입구,126.9089432755,37.5575911259,월드컵파크7단지,113000181
100100047,271,52,113000161,14252,망원동방울내길입구,126.906364689,37.5604275533,월드컵파크7단지,113000181
100100047,271,53,113000011,14101,마포구청.성산자동차검사소,126.9024231067,37.5649538546,월드컵파크7단지,113000181
100100047,271,54,113000014,14104,월드컵경기장남측.월드컵공원,126.896317,37.566664,월드컵파크7단지,113000181
100100047,271,55,113000025,14115,월드컵공원입구.문화비축기지입구,126.892748,37.568523,월드컵파크7단지,113000181
100100047,271,56,113000198,14292,월드컵파크3단지후문,126.889762,37.571242,월드컵파크7단지,113000181
100100047,271,57,113000026,14116,월드컵파크3단지정문,126.889228,37.573822,월드컵파크7단지,113000181
100100047,271,58,113000027,14117,월드컵파크2단지.에스플렉스센터,126.890647,37.575267,월드컵파크7단지,113000181
100100047,271,59,113000192,14286,상암DMC홍보관.YTN,126.891323,37.577985,월드컵파크7단지,113000181
100100047,271,60,113000204,14307,누리꿈스퀘어.MBC,126.889637,37.578988,월드컵파크7단지,113000181
100100047,271,61,113000194,14288,월드컵파크5단지.상암중고등학교입구,126.886335,37.580921,월드컵파크7단지,113000181
100100047,271,62,113000181,14272,월드컵파크7단지,126.878963,37.581876,월드컵파크7단지,113000181
100100047,271,63,218000523,35446,대덕동행정복지센터,126.8767488993,37.5851903936,용마문화복지센터,113000181
100100047,271,64,113000432,14335,월드컵파크9.10.11.12단지,126.879965,37.584397,용마문화복지센터,113000181
100100047,271,65,113000197,14291,상암고등학교,126.8841995172,37.5819239214,용마문화복지센터,113000181
100100047,271,66,113000195,14289,월드컵파크5단지,126.8865178403,37.5803332786,용마문화복지센터,113000181
100100047,271,67,113000193,14287,상암DMC홍보관.YTN,126.8912875667,37.5774605863,용마문화복지센터,113000181
100100047,271,68,113000028,14118,월드컵파크2단지.에스플렉스센터,126.8902909609,37.5753384971,용마문화복지센터,113000181
100100047,271,69,113000018,14108,월드컵파크3단지.난지천공원,126.888463,37.57232,용마문화복지센터,113000181
100100047,271,70,113000410,14332,월드컵공원입구.문화비축기지입구,126.892749,37.568177,용마문화복지센터,113000181
100100047,271,71,113000013,14103,마포농수산물시장.월드컵공원,126.897454,37.566106,용마문화복지센터,113000181
100100047,271,72,113000012,14102,마포구청,126.9018904171,37.5649023958,용마문화복지센터,113000181
100100047,271,73,113000162,14253,망원동방울내길입구,126.9057249395,37.5605946475,용마문화복지센터,113000181
100100047,271,74,113000159,14250,망원시장.망원동월드컵시장입구,126.908759,37.557338,용마문화복지센터,113000181
100100047,271,75,113000158,14249,기업은행서교동지점(최규하대통령가옥),126.9108956213,37.5548695099,용마문화복지센터,113000181
100100047,271,76,113000155,14246,성산초등학교입구,126.9118676593,37.5531302266,용마문화복지센터,113000181
100100047,271,77,113000154,14245,마포한강푸르지오,126.912592,37.550787,용마문화복지센터,113000181
100100047,271,78,113000129,14220,합정역4번출구,126.9153071515,37.5502177028,용마문화복지센터,113000181
100100047,271,79,113000423,14013,서교동,126.9195815796,37.5536367406,용마문화복지센터,113000181
100100047,271,80,113000505, ,홍대입구역(가상),126.9218643721,37.5552260552,용마문화복지센터,113000181
100100047,271,81,113000422,14015,홍대입구역,126.923466,37.556641,용마문화복지센터,113000181
100100047,271,82,113000421,14061,동교동삼거리,126.928546,37.558069,용마문화복지센터,113000181
100100047,271,83,113000420,14062,신촌오거리.현대백화점,126.9358930618,37.5553966479,용마문화복지센터,113000181
100100047,271,84,113000419,14063,신촌오거리.2호선신촌역,126.94015,37.55611,용마문화복지센터,113000181
100100047,271,85,113000418,14064,이대역,126.944495,37.556652,용마문화복지센터,113000181
100100047,271,86,113000476,14067,웨딩타운,126.951517,37.557092,용마문화복지센터,113000181
100100047,271,87,113000477,14068,아현역,126.954943,37.557293,용마문화복지센터,113000181
100100047,271,88,112000430,13045,충정로역,126.963315,37.560855,용마문화복지센터,113000181
100100047,271,89,101000304,13047,서대문역사거리,126.966565,37.565579,용마문화복지센터,113000181
100100047,271,90,100000380,01007,서울역사박물관.경희궁앞,126.97038,37.569135,용마문화복지센터,113000181
100100047,271,91,100000384,01009,광화문역,126.9763534416,37.5701416811,용마문화복지센터,113000181
100100047,271,92,100000386,01011,종로1가.종각역,126.9810660928,37.5701482455,용마문화복지센터,113000181
100100047,271,93,100000388,01013,종로2가,126.984991,37.57017,용마문화복지센터,113000181
100100047,271,94,100000390,01015,종로3가역.탑골공원,126.9893256464,37.5702088889,용마문화복지센터,113000181
100100047,271,95,100000392,01017,종로4가.종묘,126.9947218896,37.5705069968,용마문화복지센터,113000181
100100047,271,96,100000394,01019,종로5가역.광장시장,126.9990604685,37.5707860047,용마문화복지센터,113000181
100100047,271,97,100000396,01021,종로6가.동대문종합시장,127.004464,37.57101,용마문화복지센터,113000181
100100047,271,98,100000398,01023,동대문역.흥인지문,127.013813,37.572449,용마문화복지센터,113000181
100100047,271,99,100000366,01041,동묘앞.서울혜화경찰서,127.0186102731,37.5738321574,용마문화복지센터,113000181
100100047,271,100,105000486,06027,신설동역,127.0250446359,37.5761500409,용마문화복지센터,113000181
100100047,271,101,105000484,06025,용두동사거리,127.0299882252,37.5775320632,용마문화복지센터,113000181
100100047,271,102,105000482,06023,제기동역.서울약령시,127.037779,37.578144,용마문화복지센터,113000181
100100047,271,103,105000488,06426,청량리수산시장,127.0418950942,37.5789521614,용마문화복지센터,113000181
100100047,271,104,105000446,06019,청량리역환승센터,127.045721,37.580304,용마문화복지센터,113000181
100100047,271,105,105000030,06114,서울성심병원,127.0508977332,37.5846074691,용마문화복지센터,113000181
100100047,271,106,105000033,06117,휘경동입구,127.055203,37.587663,용마문화복지센터,113000181
100100047,271,107,105000012,06012,삼육서울병원.삼육보건대학교,127.0619514091,37.589992454,용마문화복지센터,113000181
100100047,271,108,105000010,06010,중랑교,127.066835,37.591426,용마문화복지센터,113000181
100100047,271,109,106000050,07144,서울우유앞,127.072817,37.592108,용마문화복지센터,113000181
100100047,271,110,106000052,07146,중랑초등학교,127.074318,37.58932,용마문화복지센터,113000181
100100047,271,111,106000054,07148,동부시장남문입구,127.077666,37.59043,용마문화복지센터,113000181
100100047,271,112,106000056,07150,88병원,127.0808960477,37.5913119461,용마문화복지센터,113000181
100100047,271,113,106000058,07152,중랑구시설관리공단,127.083885,37.592028,용마문화복지센터,113000181
100100047,271,114,106000060,07154,면목6거리,127.087857,37.59288,용마문화복지센터,113000181
100100047,271,115,106000062,07156,상봉신협,127.0899024613,37.5933652483,용마문화복지센터,113000181
100100047,271,116,106000064,07158,혜원사거리,127.092532,37.59388,용마문화복지센터,113000181
100100047,271,117,106000066,07160,혜원여중고입구,127.09505,37.594427,용마문화복지센터,113000181
100100047,271,118,106000068,07162,봉우재고개,127.097837,37.595025,용마문화복지센터,113000181
100100047,271,119,106000070,07164,우림시장,127.09954,37.595398,용마문화복지센터,113000181
100100047,271,120,106000096,07190,용마공원입구,127.099292,37.594253,용마문화복지센터,113000181
100100047,271,121,106000098,07192,면일초등학교,127.097627,37.591217,용마문화복지센터,113000181
100100047,271,122,106000099,07193,서일대학교,127.0967,37.58951,용마문화복지센터,113000181
100100047,271,123,106000102,07196,용마문화복지센터.서일대후문,127.095167,37.586712,용마문화복지센터,113000181
100100048,272,1,106000089,07183,방약국앞,127.0858494168,37.5757745627,남가좌동,112000147
100100048,272,2,106000087,07181,면목7동주민센터.면남초등학교,127.0863248288,37.5786342777,남가좌동,112000147
100100048,272,3,106000084,07178,사가정역.국민건강보험공단중랑지사,127.0880662837,37.5798599612,남가좌동,112000147
100100048,272,4,106000082,07176,면목우체국.녹색병원,127.0887178358,37.5820548439,남가좌동,112000147
100100048,272,5,106000080,07174,면동초등학교,127.0884543619,37.5842573049,남가좌동,112000147
100100048,272,6,106000078,07172,면목본동주민센터.면목정보도서관,127.088244,37.586909,남가좌동,112000147
100100048,272,7,106000077,07171,지하철7호선면목역,127.0875225751,37.5891662321,남가좌동,112000147
100100048,272,8,106000074,07168,면목초등학교,127.0869725161,37.5913436688,남가좌동,112000147
100100048,272,9,106000072,07166,상봉역3번출구,127.0862158322,37.5942959108,남가좌동,112000147
100100048,272,10,106000003,07003,상봉역.중랑우체국,127.0837435605,37.5959590869,남가좌동,112000147
100100048,272,11,106000005,07005,중랑역.동부시장,127.0760312329,37.5940083437,남가좌동,112000147
100100048,272,12,105000009,06009,중랑교,127.0676664848,37.5917575509,남가좌동,112000147
100100048,272,13,105000011,06011,삼육서울병원.삼육보건대학교,127.0606858682,37.589691279,남가좌동,112000147
100100048,272,14,105000013,06013,시조사삼거리.회기역,127.056888,37.588707,남가좌동,112000147
100100048,272,15,105000014,06014,떡전교사거리.동대문노인복지관,127.0520133159,37.5864447699,남가좌동,112000147
100100048,272,16,105000478,06021,청량리미주아파트.동대문세무서,127.048395,37.58278,남가좌동,112000147
100100048,272,17,105000015,06015,청량리역환승센터,127.0454307288,37.5804025104,남가좌동,112000147
100100048,272,18,105000480,06022,청량리청과물도매시장,127.0406051232,37.5787911202,남가좌동,112000147
100100048,272,19,105000481,06024,제기동역.서울약령시,127.0353228624,37.5782168464,남가좌동,112000147
100100048,272,20,105000483,06026,용두동사거리.한국의류시험연구원,127.0282360085,37.5771723903,남가좌동,112000147
100100048,272,21,105000018,06101,신설동역3번출구,127.0255836506,37.576453593,남가좌동,112000147
100100048,272,22,105000552,06107,신설동역1번출구,127.0233166791,37.5766303332,남가좌동,112000147
100100048,272,23,107000094,08184,보문동주민센터,127.022377,37.580047,남가좌동,112000147
100100048,272,24,107000092,08182,보문동성당,127.0211155216,37.582398971,남가좌동,112000147
100100048,272,25,107000090,08180,보문역6번출구,127.019770675,37.5848759024,남가좌동,112000147
100100048,272,26,107000088,08178,성북구청.성북경찰서,127.0172299027,37.5886054063,남가좌동,112000147
100100048,272,27,107000086,08176,삼선동주민센터,127.0147153546,37.5906917676,남가좌동,112000147
100100048,272,28,107000009,08009,삼선교.한성대학교,127.0093351178,37.5899648397,남가좌동,112000147
100100048,272,29,100000005,01005,혜화동로터리.여운형활동터,127.001744,37.586243,남가좌동,112000147
100100048,272,30,100000003,01003,명륜3가.성대입구,126.998251,37.582581,남가좌동,112000147
100100048,272,31,100000002,01002,창경궁.서울대학교병원,126.996522,37.579433,남가좌동,112000147
100100048,272,32,100000076,01172,창덕궁.우리소리박물관,126.9885394479,37.5775405746,남가좌동,112000147
100100048,272,33,100000036,01131,안국역.서울공예박물관,126.9839957858,37.5760695565,남가좌동,112000147
100100048,272,34,100000035,01130,덕성여중고,126.981972,37.575768,남가좌동,112000147
100100048,272,35,100000019,01114,서울경찰청.경복궁역1번출구,126.9714158133,37.5761614873,남가좌동,112000147
100100048,272,36,100000018,01113,사직단.사직근린공원,126.9679907155,37.5751355316,남가좌동,112000147
100100048,272,37,112000038,13121,이대부고,126.9464759832,37.5663177634,남가좌동,112000147
100100048,272,38,112000036,13119,이대부중,126.9441630049,37.5636440514,남가좌동,112000147
100100048,272,39,112000015,13015,세브란스병원앞,126.9389236898,37.5601326008,남가좌동,112000147
100100048,272,40,112000013,13013,연세대앞,126.9354996016,37.5601569117,남가좌동,112000147
100100048,272,41,112000011,13011,서대문우체국,126.9314621185,37.5625326219,남가좌동,112000147
100100048,272,42,112000009,13009,연희104고지앞.궁동근린공원,126.9257860764,37.5663570321,남가좌동,112000147
100100048,272,43,112000026,13109,사천교,126.918313,37.567753,남가좌동,112000147
100100048,272,44,112000178,13261,서대문종합사회복지관,126.9201437133,37.5709633371,남가좌동,112000147
100100048,272,45,112000121,13204,연가교,126.922182071,37.5725614324,남가좌동,112000147
100100048,272,46,112000126,13209,남가좌현대아파트,126.9218592217,37.5749175727,남가좌동,112000147
100100048,272,47,112000108,13191,명지대사거리,126.920981,37.577378,남가좌동,112000147
100100048,272,48,112000147,13230,명지대사거리.백련시장,126.9225808324,37.5774257307,남가좌동,112000147
100100048,272,49,112000145,13228,백련시장,126.9249301317,37.5766469566,면목동,112000147
100100048,272,50,112000179,13262,홍남교.백련시장입구,126.9251839684,37.5752855695,면목동,112000147
100100048,272,51,112000173,13256,연가교,126.92215,37.572816,면목동,112000147
100100048,272,52,112000177,13260,서대문종합사회복지관,126.9200245273,37.5712597156,면목동,112000147
100100048,272,53,112000007,13007,사천교,126.918153,37.567558,면목동,112000147
100100048,272,54,112000008,13008,연희104고지앞.궁동근린공원,126.9250825384,37.56628429,면목동,112000147
100100048,272,55,112000010,13010,서대문우체국,126.931992,37.561955,면목동,112000147
100100048,272,56,112000012,13012,연세대앞,126.935341,37.559959,면목동,112000147
100100048,272,57,112000014,13014,세브란스병원앞,126.9384506818,37.5599674551,면목동,112000147
100100048,272,58,112000016,13016,이대후문,126.9433012302,37.5626001751,면목동,112000147
100100048,272,59,112000037,13120,이대부고,126.946423,37.565531,면목동,112000147
100100048,272,60,100000033,01128,사직단.사직근린공원,126.968188961,37.5748553458,면목동,112000147
100100048,272,61,100000032,01127,서울경찰청.경복궁역7번출구,126.9714842989,37.5757446636,면목동,112000147
100100048,272,62,100000022,01117,경복궁,126.9787471496,37.5755767894,면목동,112000147
100100048,272,63,100000104,01200,안국역6번출구.인사동문화의거리,126.9841344381,37.575798979,면목동,112000147
100100048,272,64,100000103,01199,창덕궁.우리소리박물관,126.988954,37.577272,면목동,112000147
100100048,272,65,100000128,01224,창경궁.서울대학교병원,126.9968717143,37.5788279947,면목동,112000147
100100048,272,66,100000131,01227,명륜동2가.성균관대입구,126.9993412723,37.5834170764,면목동,112000147
100100048,272,67,107000010,08010,삼선교.한성대학교.조소앙활동터,127.0082049442,37.5893632989,면목동,112000147
100100048,272,68,107000222,08318,돈암초교입구,127.012142,37.591078,면목동,112000147
100100048,272,69,107000085,08175,삼선동주민센터,127.0143473137,37.5906107149,면목동,112000147
100100048,272,70,107000087,08177,성북구청.성북경찰서,127.017432,37.588152,면목동,112000147
100100048,272,71,107000089,08179,보문역2번출구,127.0189209428,37.5858514183,면목동,112000147
100100048,272,72,107000091,08181,보문동성당,127.0207962235,37.5823963244,면목동,112000147
100100048,272,73,107000093,08183,보문동주민센터,127.0218634882,37.5804514958,면목동,112000147
100100048,272,74,105000486,06027,신설동역,127.0250446359,37.5761500409,면목동,112000147
100100048,272,75,105000484,06025,용두동사거리,127.0299882252,37.5775320632,면목동,112000147
100100048,272,76,105000482,06023,제기동역.서울약령시,127.037779,37.578144,면목동,112000147
100100048,272,77,105000488,06426,청량리수산시장,127.0418950942,37.5789521614,면목동,112000147
100100048,272,78,105000446,06019,청량리역환승센터,127.045721,37.580304,면목동,112000147
100100048,272,79,105000030,06114,서울성심병원,127.0508977332,37.5846074691,면목동,112000147
100100048,272,80,105000033,06117,휘경동입구,127.055203,37.587663,면목동,112000147
100100048,272,81,105000012,06012,삼육서울병원.삼육보건대학교,127.0619514091,37.589992454,면목동,112000147
100100048,272,82,105000010,06010,중랑교,127.066835,37.591426,면목동,112000147
100100048,272,83,106000006,07006,중랑역.동부시장,127.074938,37.593613,면목동,112000147
100100048,272,84,106000034,07128,한샘교회,127.082492,37.59542,면목동,112000147
100100048,272,85,106000073,07167,상봉역4번출구,127.0859396558,37.5941972708,면목동,112000147
100100048,272,86,106000075,07169,면목초등학교,127.0866780454,37.5913024354,면목동,112000147
100100048,272,87,106000076,07170,지하철7호선면목역,127.0872405771,37.5891321995,면목동,112000147
100100048,272,88,106000079,07173,면목본동주민센터.면목정보도서관,127.0880980871,37.5865148002,면목동,112000147
100100048,272,89,106000081,07175,면동초등학교,127.0883599559,37.5848547979,면목동,112000147
100100048,272,90,106000083,07177,면목우체국.녹색병원,127.088455,37.582733,면목동,112000147
100100048,272,91,106000085,07179,사가정역2번출구,127.0884337896,37.5812242521,면목동,112000147
100100048,272,92,106000086,07180,제2방정환교육지원센터.면목시장,127.0876506935,37.5796470274,면목동,112000147
100100048,272,93,106000088,07182,면목7동주민센터.면남초등학교,127.085932,37.5783,면목동,112000147
100100048,272,94,106000090,07184,방약국앞,127.08574,37.575997,면목동,112000147
100100018,130,1,108000194,09289,우이동차고지기점,127.011738,37.663032,길동,124000129
100100018,130,2,108000384,10342,한국사회봉사회,127.0147587067,37.6618138354,길동,124000129
100100018,130,3,109000099,10184,연산군.정의공주묘,127.023323,37.661732,길동,124000129
100100018,130,4,109000101,10186,방학동신동아타워,127.028111025,37.6616802914,길동,124000129
100100018,130,5,109000104,10189,방학동신동아아파트,127.0313834612,37.6619831294,길동,124000129
100100018,130,6,109000106,10191,방학초등학교,127.0342414798,37.6623619933,길동,124000129
100100018,130,7,109000108,10193,신한은행방학동지점,127.037002395,37.6626546059,길동,124000129
100100018,130,8,109000110,10195,방학사거리,127.040618,37.66272,길동,124000129
100100018,130,9,109000216,10304,방학교,127.04192,37.661947,길동,124000129
100100018,130,10,109000011,10011,도봉보건소,127.0407623758,37.6589364195,길동,124000129
100100018,130,11,109000013,10013,도봉구민회관.도봉문화원,127.0381736668,37.6545598452,길동,124000129
100100018,130,12,109000015,10015,쌍문역,127.0347686574,37.6488174173,길동,124000129
100100018,130,13,109000017,10017,우이교.한일병원입구,127.0326524367,37.6452929962,길동,124000129
100100018,130,14,108000001,09001,수유3동우체국,127.029165,37.641345,길동,124000129
100100018,130,15,108000378,09013,수유역.강북구청,127.0258703828,37.6382895216,길동,124000129
100100018,130,16,108000003,09003,수유역.수유사거리,127.024004631,37.6365085542,길동,124000129
100100018,130,17,108000005,09005,수유시장.성신여대미아캠퍼스앞,127.0241719892,37.6312262117,길동,124000129
100100018,130,18,108000007,09007,미아역.신일중고,127.0266493048,37.6248696784,길동,124000129
100100018,130,19,108000009,09009,도봉세무서.성암국제무역고,127.028719403,37.6197140913,길동,124000129
100100018,130,20,108000011,09011,미아사거리역,127.0299325391,37.6137621245,길동,124000129
100100018,130,21,107000058,08148,성가복지병원,127.0311378827,37.6058827177,길동,124000129
100100018,130,22,107000060,08150,종암경찰서,127.0330443723,37.6014326326,길동,124000129
100100018,130,23,107000062,08152,종암동주민센터,127.0341075456,37.5994152643,길동,124000129
100100018,130,24,107000064,08154,숭례초교,127.0356811781,37.5948052663,길동,124000129
100100018,130,25,105000088,06174,고려대역.고대앞삼거리,127.036872,37.588548,길동,124000129
100100018,130,26,105000085,06171,홍파초등학교.정화여중고,127.0383377075,37.5855971074,길동,124000129
100100018,130,27,105000083,06169,경동시장,127.038283869,37.5799644113,길동,124000129
100100018,130,28,105000555,06776,경동시장사거리,127.038109149,37.5772293536,길동,124000129
100100018,130,29,105000017,06017,동대문구청,127.0399889148,37.5734588708,길동,124000129
100100018,130,30,105000004,06004,신답초등학교.청계한신휴플러스,127.044292,37.571753,길동,124000129
100100018,130,31,103000001,04001,답십리역사거리,127.0543961703,37.5654496127,길동,124000129
100100018,130,32,103000002,04002,청년회의소.서울새활용플라자,127.060482,37.562035,길동,124000129
100100018,130,33,103000003,04003,장한평역,127.066093,37.561188,길동,124000129
100100018,130,34,104000002,05002,군자교입구,127.0749002776,37.5587937258,길동,124000129
100100018,130,35,104000004,05004,군자역.용마초등학교,127.081557,37.556267,길동,124000129
100100018,130,36,104000299,05008,중곡동입구삼거리,127.085229,37.554926,길동,124000129
100100018,130,37,104000007,05007,어린이대공원후문.아차산역,127.0892141692,37.5527548961,길동,124000129
100100018,130,38,104000295,05010,새밭교회,127.0926378294,37.5490935801,길동,124000129
100100018,130,39,104000297,05012,광나루역,127.103764,37.545156,길동,124000129
100100018,130,40,124000454,25014,천호역,127.125539,37.537949,길동,124000129
100100018,130,41,124000366,25012,강동역,127.131516,37.536106,길동,124000129
100100018,130,42,124000115,25224,강동성심병원(동신중학교),127.1355,37.537458,길동,124000129
100100018,130,43,124000114,25223,천동초등학교.천호도서관,127.136948,37.540437,길동,124000129
100100018,130,44,124000112,25221,참잘함한방병원,127.140043,37.54093,길동,124000129
100100018,130,45,124000129,25240,길동역1번출구,127.1399400757,37.5379724338,길동,124000129
100100018,130,46,124000131,25242,서울프라임한방병원,127.1389352122,37.5355253414,우이동,124000129
100100018,130,47,124000023,25123,길동사거리.강동세무서,127.1375233178,37.5344456779,우이동,124000129
100100018,130,48,124000025,25125,강동역1번출구.동신중학교,127.131857,37.536283,우이동,124000129
100100018,130,49,124000027,25127,천호역5번출구,127.127021248,37.5377884776,우이동,124000129
100100018,130,50,124000452,25374,천호역1번출구.문구거리,127.122232,37.539294,우이동,124000129
100100018,130,51,104000298,05011,광나루역,127.102649,37.545741,우이동,124000129
100100018,130,52,104000296,05009,새밭교회,127.093185,37.548983,우이동,124000129
100100018,130,53,104000006,05006,어린이대공원후문.아차산역,127.0901491873,37.5512084718,우이동,124000129
100100018,130,54,104000005,05005,중곡동입구삼거리,127.086550509,37.5544965543,우이동,124000129
100100018,130,55,104000003,05003,군자역.용마초등학교,127.082473132,37.5560989145,우이동,124000129
100100018,130,56,104000001,05001,군자교입구,127.0756461481,37.5587409868,우이동,124000129
100100018,130,57,105000003,06003,장한평역,127.0672869559,37.5611510646,우이동,124000129
100100018,130,58,105000002,06002,청년회의소,127.0612838214,37.5619653169,우이동,124000129
100100018,130,59,105000001,06001,답십리역사거리,127.0550604632,37.5651870868,우이동,124000129
100100018,130,60,105000005,06005,신답초등학교.청계한신휴플러스,127.0447281029,37.5717559096,우이동,124000129
100100018,130,61,105000079,06165,동대문구청.용두동주민센터,127.0384168651,37.5765807726,우이동,124000129
100100018,130,62,105000081,06167,경동시장앞,127.0387559286,37.5819989191,우이동,124000129
100100018,130,63,105000084,06170,홍파초등학교.정화여중고,127.038639,37.585531,우이동,124000129
100100018,130,64,105000086,06172,제기동한신아파트앞,127.037888,37.587603,우이동,124000129
100100018,130,65,105000087,06173,고려대역.고대앞삼거리,127.0366856036,37.5894337656,우이동,124000129
100100018,130,66,107000065,08155,숭례초등학교,127.036170198,37.5943969245,우이동,124000129
100100018,130,67,107000063,08153,종암동주민센터,127.034953,37.598373,우이동,124000129
100100018,130,68,107000061,08151,종암경찰서,127.0336839773,37.6011063729,우이동,124000129
100100018,130,69,107000059,08149,성가복지병원,127.03153,37.605922,우이동,124000129
100100018,130,70,108000012,09012,미아사거리역,127.0302131064,37.6128943078,우이동,124000129
100100018,130,71,108000010,09010,도봉세무서.성암국제무역고,127.0292480892,37.6188372063,우이동,124000129
100100018,130,72,108000008,09008,미아역.신일중고,127.0270667409,37.6243092426,우이동,124000129
100100018,130,73,108000006,09006,수유시장.성신여대미아캠퍼스앞,127.0246442208,37.6303451749,우이동,124000129
100100018,130,74,108000004,09004,수유역.강북구청,127.025327,37.637582,우이동,124000129
100100018,130,75,108000002,09002,수유3동우체국,127.02883,37.640892,우이동,124000129
100100018,130,76,109000018,10018,우이교.한일병원입구,127.03242,37.644652,우이동,124000129
100100018,130,77,109000016,10016,쌍문역,127.0344600639,37.6480714136,우이동,124000129
100100018,130,78,109000014,10014,도봉구민회관.도봉문화원,127.037977,37.653968,우이동,124000129
100100018,130,79,109000012,10012,도봉보건소.북한산아이파크아파트,127.040517,37.658205,우이동,124000129
100100018,130,80,109000111,10196,방학사거리,127.040387,37.66298,우이동,124000129
100100018,130,81,109000109,10194,신한은행방학동지점,127.036807,37.662933,우이동,124000129
100100018,130,82,109000107,10192,방학초등학교,127.034113,37.662595,우이동,124000129
100100018,130,83,109000105,10190,방학동신동아아파트,127.03202,37.662362,우이동,124000129
100100018,130,84,109000102,10187,방학동신동아타워,127.028692,37.662028,우이동,124000129
100100018,130,85,109000100,10185,연산군.정의공주묘,127.0231445962,37.6620015247,우이동,124000129
100100018,130,86,108000385,10343,한국사회봉사회,127.014675,37.662163,우이동,124000129
100100018,130,87,108000199,09294,우이동차고지종점,127.012147,37.663129,우이동,124000129
100100031,152,1,108000123,09211,혜화여고.수유중학교입구,127.0135834136,37.6321134046,삼막사사거리,208000028
100100031,152,2,108000125,09213,서울정인학교.우광타운,127.013001965,37.6292133906,삼막사사거리,208000028
100100031,152,3,108000127,09215,구세군강북종합사회복지관입구,127.0123860255,37.6247738195,삼막사사거리,208000028
100100031,152,4,108000130,09218,솔샘중고등학교.팔팔·미송경로당,127.0130269844,37.6232608308,삼막사사거리,208000028
100100031,152,5,108000135,09223,삼각산동SK아파트북한산시티미양초등학교,127.013398,37.620197,삼막사사거리,208000028
100100031,152,6,108000133,09221,두산위브아파트입구,127.016258,37.620027,삼막사사거리,208000028
100100031,152,7,108000131,09219,동북프라자,127.018109,37.619886,삼막사사거리,208000028
100100031,152,8,108000078,09166,삼양동사거리.래미안트리베라,127.0213079919,37.6180883036,삼막사사거리,208000028
100100031,152,9,108000080,09168,송천초등학교.미아뉴타운입구,127.0221103696,37.6154596915,삼막사사거리,208000028
100100031,152,10,107000081,08171,미아초교,127.0220389791,37.6115318739,삼막사사거리,208000028
100100031,152,11,107000083,08173,길음동동부아파트,127.023531,37.607288,삼막사사거리,208000028
100100031,152,12,107000003,08003,길음뉴타운,127.0242688702,37.6037502378,삼막사사거리,208000028
100100031,152,13,107000005,08005,미아리고개.미아리예술극장,127.0217090638,37.5988112954,삼막사사거리,208000028
100100031,152,14,107000007,08007,돈암사거리.성신여대입구,127.0181313708,37.5937432794,삼막사사거리,208000028
100100031,152,15,107000085,08175,삼선동주민센터,127.0143473137,37.5906107149,삼막사사거리,208000028
100100031,152,16,107000087,08177,성북구청.성북경찰서,127.017432,37.588152,삼막사사거리,208000028
100100031,152,17,107000089,08179,보문역2번출구,127.0189209428,37.5858514183,삼막사사거리,208000028
100100031,152,18,107000091,08181,보문동성당,127.0207962235,37.5823963244,삼막사사거리,208000028
100100031,152,19,107000093,08183,보문동주민센터,127.0218634882,37.5804514958,삼막사사거리,208000028
100100031,152,20,100000147,01243,신설동역오거리,127.0228414296,37.5756947252,삼막사사거리,208000028
100100031,152,21,100000367,01044,동묘앞.서울혜화경찰서,127.0195527812,37.5742464626,삼막사사거리,208000028
100100031,152,22,100000365,01037,동대문역.흥인지문,127.0124191046,37.5721524474,삼막사사거리,208000028
100100031,152,23,100000397,01022,종로6가.동대문종합시장,127.0057137364,37.5711272339,삼막사사거리,208000028
100100031,152,24,101000163,02272,방산종합시장,127.0019301271,37.5678058693,삼막사사거리,208000028
100100031,152,25,101000066,02165,방산시장.을지로4가역6번출구,126.999258524,37.5668182855,삼막사사거리,208000028
100100031,152,26,101000063,02162,을지로4가,126.995933,37.566687,삼막사사거리,208000028
100100031,152,27,101000061,02160,을지로3가,126.990263,37.566375,삼막사사거리,208000028
100100031,152,28,101000059,02158,을지로2가.기업은행본점.서울노동청,126.9865233528,37.566246226,삼막사사거리,208000028
100100031,152,29,101000041,02140,롯데백화점,126.982205,37.56451,삼막사사거리,208000028
100100031,152,30,101000032,02127,북창동.남대문시장,126.978555,37.561273,삼막사사거리,208000028
100100031,152,31,101000329, ,숭례문(가상),126.9743556496,37.5597967723,삼막사사거리,208000028
100100031,152,32,101000008,02008,숭례문,126.9737783904,37.5586388574,삼막사사거리,208000028
100100031,152,33,101000004,02004,서울역버스환승센터,126.9725924801,37.5554029828,삼막사사거리,208000028
100100031,152,34,102000012,03012,갈월동,126.9717081909,37.5495337218,삼막사사거리,208000028
100100031,152,35,102000010,03010,숙대입구.서울시교육청역,126.9722320769,37.5437560216,삼막사사거리,208000028
100100031,152,36,102000008,03008,삼각지역.전쟁기념관,126.9741608708,37.5359845015,삼막사사거리,208000028
100100031,152,37,102000006,03006,용산우체국,126.9705640624,37.5320503694,삼막사사거리,208000028
100100031,152,38,102000004,03004,신용산역,126.9666192358,37.527920489,삼막사사거리,208000028
100100031,152,39,102000002,03002,한강대교북단.LG유플러스,126.9631848403,37.5243060629,삼막사사거리,208000028
100100031,152,40,102000247,03340,노들섬,126.95861,37.517515,삼막사사거리,208000028
100100031,152,41,119000028,20121,노들역,126.951048,37.512865,삼막사사거리,208000028
100100031,152,42,119000027,20119,사육신공원,126.947977,37.513315,삼막사사거리,208000028
100100031,152,43,119000025,20115,노량진역2번출구,126.943467,37.513905,삼막사사거리,208000028
100100031,152,44,119000097,20190,노량진초등학교앞,126.9400540684,37.5105502162,삼막사사거리,208000028
100100031,152,45,119000099,20192,장성교회,126.9399682084,37.5082110072,삼막사사거리,208000028
100100031,152,46,119000058,20151,동작구청.장승배기역4번출구,126.9385221188,37.5046761432,삼막사사거리,208000028
100100031,152,47,119000057,20150,상도초등학교입구,126.9357682657,37.502959881,삼막사사거리,208000028
100100031,152,48,119000054,20147,성대시장,126.930872,37.50007,삼막사사거리,208000028
100100031,152,49,119000093,20186,신대방삼거리,126.9278411369,37.4977748671,삼막사사거리,208000028
100100031,152,50,119000095,20188,신대방동성당.보라매병원입구,126.927191,37.494757,삼막사사거리,208000028
100100031,152,51,120000050,21151,당곡역2번출구.롯데백화점관악점,126.927485,37.490008,삼막사사거리,208000028
100100031,152,52,120000051,21152,신림동별빛거리입구,126.929057,37.486415,삼막사사거리,208000028
100100031,152,53,120000052,21153,신림사거리,126.9296377666,37.482767098,삼막사사거리,208000028
100100031,152,54,120000457,21369,서원동승리교앞,126.929906,37.481586,삼막사사거리,208000028
100100031,152,55,120000053,21154,서원역,126.932724,37.477918,삼막사사거리,208000028
100100031,152,56,120000054,21155,서림동주민센터.신화단지,126.9363417324,37.4755291616,삼막사사거리,208000028
100100031,152,57,120000055,21156,서울대벤처타운역.삼성동시장,126.9329597367,37.4727127526,삼막사사거리,208000028
100100031,152,58,120000063,21165,삼성동주민센터,126.933025,37.470005,삼막사사거리,208000028
100100031,152,59,120000064,21166,미림고개,126.931983,37.468114,삼막사사거리,208000028
100100031,152,60,120000065,21167,미림여고.미림마이스터고등학교,126.931333,37.465641,삼막사사거리,208000028
100100031,152,61,120000066,21168,신우초등학교,126.931693,37.462721,삼막사사거리,208000028
100100031,152,62,120000067,21169,삼성산성지,126.929865,37.458825,삼막사사거리,208000028
100100031,152,63,120000068,21170,산장아파트,126.927725,37.459955,삼막사사거리,208000028
100100031,152,64,120000069,21171,삼성산주공아파트,126.925109,37.461345,삼막사사거리,208000028
100100031,152,65,120000070,21172,산복터널.관악산휴먼시아2단지,126.922015,37.458697,삼막사사거리,208000028
100100031,152,66,117000050,18136,벽산아파트1단지.호압사입구,126.9207601084,37.4527573711,삼막사사거리,208000028
100100031,152,67,117000052,18138,벽산아파트5단지,126.918953,37.446768,삼막사사거리,208000028
100100031,152,68,208000028,57602,경인교육대후문,126.9151249782,37.4323370519,삼막사사거리,208000028
100100031,152,69,117000053,18139,벽산아파트5단지,126.918683,37.446355,화계사,208000028
100100031,152,70,117000051,18137,벽산아파트1단지.호압사입구,126.92119,37.453078,화계사,208000028
100100031,152,71,120000071,21173,산복터널.관악산휴먼시아2단지,126.922572,37.459082,화계사,208000028
100100031,152,72,120000072,21174,삼성산주공아파트,126.9250910137,37.4611062672,화계사,208000028
100100031,152,73,120000073,21175,산장아파트,126.9275,37.459798,화계사,208000028
100100031,152,74,120000074,21176,삼성산성지,126.92989,37.458613,화계사,208000028
100100031,152,75,120000075,21177,신우초등학교,126.9319560545,37.4624107186,화계사,208000028
100100031,152,76,120000076,21178,미림여고.미림마이스터고등학교,126.9316212418,37.4651129483,화계사,208000028
100100031,152,77,120000077,21179,미림고개.고시촌입구,126.932,37.467637,화계사,208000028
100100031,152,78,120000078,21180,서울대벤처타운역,126.933592,37.470692,화계사,208000028
100100031,152,79,120000044,21145,서울대벤처타운역1번출구,126.933686278,37.473206969,화계사,208000028
100100031,152,80,120000045,21146,쑥고개입구,126.9374950813,37.4761917072,화계사,208000028
100100031,152,81,120000046,21147,서원역1번출구.신관중학교,126.9323856945,37.4786498144,화계사,208000028
100100031,152,82,119000314,21377,신림역2번출구,126.929897162,37.4833220413,화계사,208000028
100100031,152,83,120000048,21149,신림동별빛거리입구,126.929633,37.485847,화계사,208000028
100100031,152,84,120000049,21150,당곡역.보라매공원.보라매병원,126.92762,37.49044,화계사,208000028
100100031,152,85,120000161,21263,보라매삼성아파트.모자원고개,126.9273975559,37.4945144044,화계사,208000028
100100031,152,86,119000094,20187,신대방삼거리,126.928253,37.498328,화계사,208000028
100100031,152,87,119000055,20148,성대시장,126.931693,37.500285,화계사,208000028
100100031,152,88,119000056,20149,동작구청.장승배기역3번출구,126.9367360642,37.5033778878,화계사,208000028
100100031,152,89,119000100,20193,청화병원,126.9400798321,37.5072450833,화계사,208000028
100100031,152,90,119000098,20191,노량진초등학교앞,126.940337,37.510453,화계사,208000028
100100031,152,91,119000024,20114,노량진역3번출구,126.941878,37.513495,화계사,208000028
100100031,152,92,119000013,20013,노들역,126.949256,37.512825,화계사,208000028
100100031,152,93,102000248,03341,노들섬,126.959037665,37.5173638437,화계사,208000028
100100031,152,94,102000001,03001,한강대교북단.LG유플러스,126.963121,37.524049,화계사,208000028
100100031,152,95,102000003,03003,신용산역,126.966207,37.527293,화계사,208000028
100100031,152,96,102000005,03005,용산우체국,126.9702350163,37.5314970129,화계사,208000028
100100031,152,97,102000007,03007,삼각지역.전쟁기념관,126.9736858311,37.5351801399,화계사,208000028
100100031,152,98,102000009,03009,숙대입구.서울시교육청역,126.9725377982,37.543295633,화계사,208000028
100100031,152,99,102000011,03011,동자동,126.9722373211,37.5509755993,화계사,208000028
100100031,152,100,101000007,02007,서울역버스환승센터.강우규의거터,126.972926,37.555411,화계사,208000028
100100031,152,101,101000114,02219,남대문시장앞.이회영활동터,126.978580386,37.5609394169,화계사,208000028
100100031,152,102,101000043,02142,명동.롯데영플라자,126.982008,37.562885,화계사,208000028
100100031,152,103,101000057,02156,을지로입구.로얄호텔,126.9853902774,37.5658757422,화계사,208000028
100100031,152,104,101000060,02159,을지로2가.파인에비뉴,126.98867,37.566072,화계사,208000028
100100031,152,105,101000062,02161,을지로3가,126.9914237666,37.5661389597,화계사,208000028
100100031,152,106,101000064,02163,을지로4가.베스트웨스턴국도,126.9968473297,37.5664010399,화계사,208000028
100100031,152,107,101000067,02166,을지로5가.중부시장,127.0011150411,37.5666200422,화계사,208000028
100100031,152,108,101000070,02169,을지로6가.국립중앙의료원,127.006233,37.566173,화계사,208000028
100100031,152,109,101000075,02174,동대문역사문화공원,127.00917,37.567483,화계사,208000028
100100031,152,110,100000398,01023,동대문역.흥인지문,127.013813,37.572449,화계사,208000028
100100031,152,111,100000366,01041,동묘앞.서울혜화경찰서,127.0186102731,37.5738321574,화계사,208000028
100100031,152,112,105000552,06107,신설동역1번출구,127.0233166791,37.5766303332,화계사,208000028
100100031,152,113,107000094,08184,보문동주민센터,127.022377,37.580047,화계사,208000028
100100031,152,114,107000092,08182,보문동성당,127.0211155216,37.582398971,화계사,208000028
100100031,152,115,107000090,08180,보문역6번출구,127.019770675,37.5848759024,화계사,208000028
100100031,152,116,107000088,08178,성북구청.성북경찰서,127.0172299027,37.5886054063,화계사,208000028
100100031,152,117,107000086,08176,삼선동주민센터,127.0147153546,37.5906917676,화계사,208000028
100100031,152,118,107000008,08008,돈암사거리.성신여대입구,127.017684,37.593251,화계사,208000028
100100031,152,119,107000006,08006,미아리고개.미아리예술극장,127.0218209221,37.5979210002,화계사,208000028
100100031,152,120,107000033,08123,길음역2번출구.돈암삼성아파트,127.0245753189,37.6018744304,화계사,208000028
100100031,152,121,107000084,08174,길음동동부아파트,127.023455,37.608022,화계사,208000028
100100031,152,122,107000082,08172,미아초교,127.0224658136,37.6108866161,화계사,208000028
100100031,152,123,108000081,09169,송천초등학교.미아뉴타운입구,127.0223138592,37.6140963114,화계사,208000028
100100031,152,124,108000079,09167,삼양동사거리.래미안트리베라,127.0214576496,37.6185334123,화계사,208000028
100100031,152,125,108000132,09220,동북프라자,127.0187973439,37.6199944163,화계사,208000028
100100031,152,126,108000134,09222,두산위브아파트입구,127.0161949742,37.6201498963,화계사,208000028
100100031,152,127,108000136,09224,삼양동벽산라이브파크미양초등학교,127.012611,37.620308,화계사,208000028
100100031,152,128,108000129,09217,솔샘중고등학교.팔팔·미송경로당,127.013138,37.623368,화계사,208000028
100100031,152,129,108000128,09216,구세군강북종합사회복지관입구,127.012504,37.62492,화계사,208000028
100100031,152,130,108000126,09214,서울정인학교.우광타운,127.013126928,37.6292978747,화계사,208000028
100100031,152,131,108000124,09212,혜화여고.수유중학교입구,127.013795806,37.6319759796,화계사,208000028
100100049,273,1,106000319,07418,중랑공영차고지.신내역,127.1027996822,37.6135447482,홍대입구역,113000142
100100049,273,2,106000208,07303,신내데시앙아파트.신내역프라디움,127.101015256,37.6105382531,홍대입구역,113000142
100100049,273,3,106000174,07269,동성프라자앞,127.0971854414,37.6077715316,홍대입구역,113000142
100100049,273,4,106000172,07267,중랑구청,127.094183,37.606645,홍대입구역,113000142
100100049,273,5,106000170,07265,신현중학교,127.091763,37.605312,홍대입구역,113000142
100100049,273,6,106000168,07263,엘지아파트앞,127.089863,37.6041,홍대입구역,113000142
100100049,273,7,106000166,07261,쌍용아파트.신내테크노타운앞,127.088091,37.60335,홍대입구역,113000142
100100049,273,8,106000164,07259,이화연립.경동제일교회앞,127.084996551,37.6023518938,홍대입구역,113000142
100100049,273,9,106000162,07257,중흥초등학교,127.082731936,37.6017894225,홍대입구역,113000142
100100049,273,10,106000160,07255,중화역2번출구.중화1동주민센터,127.0806830436,37.6016944246,홍대입구역,113000142
100100049,273,11,106000158,07253,중화역3번출구,127.0787352964,37.6017066002,홍대입구역,113000142
100100049,273,12,106000156,07251,중화2동주민센터,127.076759,37.601637,홍대입구역,113000142
100100049,273,13,105000168,06254,이문동현대아파트앞,127.070708,37.601002,홍대입구역,113000142
100100049,273,14,105000215,06301,이문동쌍용아파트,127.0688553749,37.5988779848,홍대입구역,113000142
100100049,273,15,105000050,06134,이문동삼익아파트,127.0682139128,37.5945485558,홍대입구역,113000142
100100049,273,16,105000231,06318,종로사약국,127.0653057725,37.5945213658,홍대입구역,113000142
100100049,273,17,105000208,06294,외대역앞,127.0613604745,37.5960661454,홍대입구역,113000142
100100049,273,18,105000042,06126,외대앞,127.0596059335,37.5956282146,홍대입구역,113000142
100100049,273,19,105000040,06124,경희중고,127.057747,37.592923,홍대입구역,113000142
100100049,273,20,105000038,06122,회기시장,127.0566389299,37.5912026288,홍대입구역,113000142
100100049,273,21,105000185,06271,경희대입구,127.052713,37.591583,홍대입구역,113000142
100100049,273,22,105000187,06273,서울바이오허브,127.0492768654,37.5916089493,홍대입구역,113000142
100100049,273,23,105000188,06274,한국과학기술원.홍릉초등학교,127.045747,37.591769,홍대입구역,113000142
100100049,273,24,105000190,06276,국방연구원,127.041182,37.591413,홍대입구역,113000142
100100049,273,25,107000066,08156,고대앞,127.0348108154,37.5885636851,홍대입구역,113000142
100100049,273,26,107000206,08302,안암역2번출구,127.0302759807,37.5863644753,홍대입구역,113000142
100100049,273,27,107000204,08300,고려대이공대.고대병원,127.02588,37.586431,홍대입구역,113000142
100100049,273,28,107000202,08298,안암동주민센터,127.0223689592,37.5862680197,홍대입구역,113000142
100100049,273,29,107000200,08296,보문역4번출구,127.0200803771,37.5856511849,홍대입구역,113000142
100100049,273,30,107000230,08326,보문역3번출구,127.019202,37.585933,홍대입구역,113000142
100100049,273,31,107000088,08178,성북구청.성북경찰서,127.0172299027,37.5886054063,홍대입구역,113000142
100100049,273,32,107000086,08176,삼선동주민센터,127.0147153546,37.5906917676,홍대입구역,113000142
100100049,273,33,107000009,08009,삼선교.한성대학교,127.0093351178,37.5899648397,홍대입구역,113000142
100100049,273,34,100000132,01228,혜화역.서울연극센터(장면총리가옥),127.0014608831,37.5840306853,홍대입구역,113000142
100100049,273,35,100000125,01221,혜화역3번출구.서울대병원입구,127.0018481852,37.5809559696,홍대입구역,113000142
100100049,273,36,100000126,01222,방송통신대.이화장,127.001977,37.577788,홍대입구역,113000142
100100049,273,37,100000127,01223,연지공원앞.현대그룹빌딩,127.0006951494,37.576119355,홍대입구역,113000142
100100049,273,38,100000102,01198,원남동,126.9973383362,37.5745325055,홍대입구역,113000142
100100049,273,39,100000153,01249,서울특별시재향군인회관,126.9974787875,37.5725807445,홍대입구역,113000142
100100049,273,40,100000391,01016,종로3가역.탑골공원,126.9899877751,37.5703605443,홍대입구역,113000142
100100049,273,41,100000389,01014,종로2가,126.986536,37.570238,홍대입구역,113000142
100100049,273,42,100000387,01012,종로1가.종각역,126.9816283242,37.5702710116,홍대입구역,113000142
100100049,273,43,100000385,01010,광화문역,126.9778802991,37.5702396638,홍대입구역,113000142
100100049,273,44,100000379,01008,서울역사박물관.경희궁앞,126.97076,37.569515,홍대입구역,113000142
100100049,273,45,101000305,01006,서대문역사거리,126.966893,37.566137,홍대입구역,113000142
100100049,273,46,112000429,13046,충정로역,126.9624710247,37.5598429758,홍대입구역,113000142
100100049,273,47,113000478,13044,아현역,126.956889,37.557396,홍대입구역,113000142
100100049,273,48,113000475,13042,웨딩타운,126.952552,37.55724,홍대입구역,113000142
100100049,273,49,113000411,13025,이대역,126.9472705221,37.5568755655,홍대입구역,113000142
100100049,273,50,113000417,13023,신촌오거리.2호선신촌역,126.938693,37.555731,홍대입구역,113000142
100100049,273,51,113000416,13021,신촌오거리.현대백화점,126.9345037666,37.5559833987,홍대입구역,113000142
100100049,273,52,113000144,14235,산울림소극장,126.9301572482,37.554958166,홍대입구역,113000142
100100049,273,53,113000189,14283,삼진제약,126.926719,37.553351,홍대입구역,113000142
100100049,273,54,113000142,14233,홍익대학교,126.924641406,37.5530705865,홍대입구역,113000142
100100049,273,55,113000190,14284,홍대입구역사거리,126.92221,37.55473,중랑공영차고지,113000142
100100049,273,56,113000505, ,홍대입구역(가상),126.9218643721,37.5552260552,중랑공영차고지,113000142
100100049,273,57,113000422,14015,홍대입구역,126.923466,37.556641,중랑공영차고지,113000142
100100049,273,58,113000421,14061,동교동삼거리,126.928546,37.558069,중랑공영차고지,113000142
100100049,273,59,113000420,14062,신촌오거리.현대백화점,126.9358930618,37.5553966479,중랑공영차고지,113000142
100100049,273,60,113000419,14063,신촌오거리.2호선신촌역,126.94015,37.55611,중랑공영차고지,113000142
100100049,273,61,113000418,14064,이대역,126.944495,37.556652,중랑공영차고지,113000142
100100049,273,62,113000476,14067,웨딩타운,126.951517,37.557092,중랑공영차고지,113000142
100100049,273,63,113000477,14068,아현역,126.954943,37.557293,중랑공영차고지,113000142
100100049,273,64,112000430,13045,충정로역,126.963315,37.560855,중랑공영차고지,113000142
100100049,273,65,101000304,13047,서대문역사거리,126.966565,37.565579,중랑공영차고지,113000142
100100049,273,66,100000380,01007,서울역사박물관.경희궁앞,126.97038,37.569135,중랑공영차고지,113000142
100100049,273,67,100000384,01009,광화문역,126.9763534416,37.5701416811,중랑공영차고지,113000142
100100049,273,68,100000386,01011,종로1가.종각역,126.9810660928,37.5701482455,중랑공영차고지,113000142
100100049,273,69,100000388,01013,종로2가,126.984991,37.57017,중랑공영차고지,113000142
100100049,273,70,100000390,01015,종로3가역.탑골공원,126.9893256464,37.5702088889,중랑공영차고지,113000142
100100049,273,71,100000392,01017,종로4가.종묘,126.9947218896,37.5705069968,중랑공영차고지,113000142
100100049,273,72,100000394,01019,종로5가역.광장시장,126.9990604685,37.5707860047,중랑공영차고지,113000142
100100049,273,73,100000109,01205,종로5가.효제초등학교,127.0021442279,37.5728790133,중랑공영차고지,113000142
100100049,273,74,100000108,01204,효제동.김상옥의거터,127.00223,37.5745,중랑공영차고지,113000142
100100049,273,75,100000123,01219,방송통신대.이화장,127.002437,37.578043,중랑공영차고지,113000142
100100049,273,76,100000124,01220,혜화역2번출구.마로니에공원,127.0022769364,37.5811194873,중랑공영차고지,113000142
100100049,273,77,100000133,01229,혜화역.동성중고(장면총리가옥),127.0015561579,37.5845329425,중랑공영차고지,113000142
100100049,273,78,107000010,08010,삼선교.한성대학교.조소앙활동터,127.0082049442,37.5893632989,중랑공영차고지,113000142
100100049,273,79,107000222,08318,돈암초교입구,127.012142,37.591078,중랑공영차고지,113000142
100100049,273,80,107000085,08175,삼선동주민센터,127.0143473137,37.5906107149,중랑공영차고지,113000142
100100049,273,81,107000087,08177,성북구청.성북경찰서,127.017432,37.588152,중랑공영차고지,113000142
100100049,273,82,107000199,08295,보문역5번출구,127.0202535696,37.5854637287,중랑공영차고지,113000142
100100049,273,83,107000201,08297,안암동주민센터,127.021938613,37.5860464325,중랑공영차고지,113000142
100100049,273,84,107000203,08299,고려대이공대.고대병원,127.025987,37.586177,중랑공영차고지,113000142
100100049,273,85,107000205,08301,안암역3번출구,127.0305239036,37.586229248,중랑공영차고지,113000142
100100049,273,86,105000089,06175,고려대학교앞,127.03468,37.588138,중랑공영차고지,113000142
100100049,273,87,105000191,06277,국방연구원,127.040058371,37.5911039928,중랑공영차고지,113000142
100100049,273,88,105000189,06275,한국과학기술원.홍릉초등학교,127.046963,37.591545,중랑공영차고지,113000142
100100049,273,89,105000186,06272,서울바이오허브,127.0501400812,37.5913878427,중랑공영차고지,113000142
100100049,273,90,105000184,06270,경희대입구,127.053012,37.591272,중랑공영차고지,113000142
100100049,273,91,105000039,06123,회기시장,127.056588,37.590807,중랑공영차고지,113000142
100100049,273,92,105000041,06125,경희중고,127.0583346646,37.5933472946,중랑공영차고지,113000142
100100049,273,93,105000043,06127,외대앞,127.0597677578,37.5954812555,중랑공영차고지,113000142
100100049,273,94,105000207,06293,외대역앞,127.0609470779,37.596009591,중랑공영차고지,113000142
100100049,273,95,105000569,06296,SK뷰아파트,127.065172,37.594405,중랑공영차고지,113000142
100100049,273,96,105000052,06136,동일스위트리버아파트.휘봉고교,127.0677525508,37.5877987669,중랑공영차고지,113000142
100100049,273,97,105000223,06309,서울반도체고교.휘경주공아파트,127.0692518943,37.5841657316,중랑공영차고지,113000142
100100049,273,98,105000051,06135,이문동삼익아파트,127.0683627707,37.5951035399,중랑공영차고지,113000142
100100049,273,99,105000216,06302,이문동쌍용아파트,127.069119,37.598831,중랑공영차고지,113000142
100100049,273,100,105000169,06255,이문동현대아파트,127.0709847069,37.6008590191,중랑공영차고지,113000142
100100049,273,101,106000157,07252,중화2동주민센터,127.0770110188,37.6014130353,중랑공영차고지,113000142
100100049,273,102,106000159,07254,중화역3번출구,127.0789975477,37.6014504691,중랑공영차고지,113000142
100100049,273,103,106000161,07256,중화역2번출구.중화1동주민센터,127.080945,37.601522,중랑공영차고지,113000142
100100049,273,104,106000163,07258,중흥초등학교,127.083092,37.601683,중랑공영차고지,113000142
100100049,273,105,106000165,07260,이화연립.경동제일교회앞,127.0853154073,37.6022944281,중랑공영차고지,113000142
100100049,273,106,106000167,07262,쌍용아파트.신내테크노타운앞,127.0880531041,37.6031155767,중랑공영차고지,113000142
100100049,273,107,106000169,07264,엘지아파트앞,127.090003,37.603949,중랑공영차고지,113000142
100100049,273,108,106000171,07266,신현중학교,127.0914211649,37.6047917401,중랑공영차고지,113000142
100100049,273,109,106000173,07268,중랑구청,127.0936349035,37.6062056111,중랑공영차고지,113000142
100100049,273,110,106000175,07270,동성프라자앞,127.0976236907,37.6077071928,중랑공영차고지,113000142
100100049,273,111,106000207,07302,신내데시앙아파트.신내역프라디움,127.101332875,37.6105405898,중랑공영차고지,113000142
100100049,273,112,106000241,07337,중랑공영차고지,127.1020230606,37.613645229,중랑공영차고지,113000142
100100049,273,113,106000467,07550,중랑공영차고지.신내역,127.103628,37.613209,중랑공영차고지,113000142
