ars_id,busRouteId,rtNm
06001,100100018,130
06001,100100053,303
06001,100100061,370
06001,100100112,721
06001,234000309,9301광주
06001,100100591,N30
06002,100100018,130
06002,100100053,303
06002,100100061,370
06002,100100112,721
06002,100100198,2221
06002,100100215,3216
06002,100100218,3220
06002,234000309,9301광주
06002,100100591,N30
06003,100100018,130
06003,100100053,303
06003,100100061,370
06003,100100112,721
06003,100100198,2221
06003,100100215,3216
06003,100100218,3220
06003,234000309,9301광주
06003,100100591,N30
06006,100100413,6002
06006,100100053,303
06006,100100061,370
06006,100100112,721
06006,100100191,2112
06006,234000309,9301광주
06006,100100591,N30
06007,100100413,6002
06007,100100053,303
06007,100100061,370
06007,100100112,721
06007,100100191,2112
06007,234000309,9301광주
06007,100100591,N30
06008,100100413,6002
06008,100100053,303
06008,100100061,370
06008,100100112,721
06008,100100191,2112
06008,100100198,2221
06008,234000309,9301광주
06008,100100591,N30
06009,100100010,105
06009,100100038,201
06009,100100039,202
06009,100100595,241
06009,100100042,260
06009,100100046,270
06009,100100047,271
06009,100100048,272
06009,100100175,1213
06009,100100181,1224
06009,100100184,1227
06009,100100598,2115
06009,239000110,1330-2가평
06009,239000135,1330-3가평
06009,239000024,1330-44가평
06009,239000111,1330-4가평
06009,222000028,165남양주
06009,222000048,166-1남양주
06009,222000004,202남양주
06009,234000003,30광주
06009,222000050,51남양주
06009,222000031,65남양주
06009,222000002,707남양주
06009,239000104,8005가평
06009,100100586,N26
06010,100100010,105
06010,100100038,201
06010,100100039,202
06010,100100595,241
06010,100100042,260
06010,100100046,270
06010,100100047,271
06010,100100048,272
06010,100100175,1213
06010,100100181,1224
06010,100100184,1227
06010,100100598,2115
06010,239000110,1330-2가평
06010,239000135,1330-3가평
06010,239000024,1330-44가평
06010,239000111,1330-4가평
06010,222000028,165남양주
06010,222000048,166-1남양주
06010,222000004,202남양주
06010,234000003,30광주
06010,236000149,3200포천
06010,222000050,51남양주
06010,222000031,65남양주
06010,222000002,707남양주
06010,239000104,8005가평
06010,100100586,N26
06011,100100010,105
06011,100100038,201
06011,100100039,202
06011,100100595,241
06011,100100042,260
06011,100100046,270
06011,100100047,271
06011,100100048,272
06011,100100175,1213
06011,100100181,1224
06011,100100184,1227
06011,100100598,2115
06011,239000110,1330-2가평
06011,239000135,1330-3가평
06011,239000024,1330-44가평
06011,239000111,1330-4가평
06011,222000028,165남양주
06011,222000048,166-1남양주
06011,222000004,202남양주
06011,234000003,30광주
06011,236000149,3200포천
06011,222000050,51남양주
06011,222000031,65남양주
06011,222000002,707남양주
06011,239000104,8005가평
06011,100100586,N26
06012,100100010,105
06012,100100038,201
06012,100100039,202
06012,100100595,241
06012,100100042,260
06012,100100046,270
06012,100100047,271
06012,100100048,272
06012,100100175,1213
06012,100100181,1224
06012,100100184,1227
06012,100100598,2115
06012,239000110,1330-2가평
06012,239000135,1330-3가평
06012,239000024,1330-44가평
06012,239000111,1330-4가평
06012,222000028,165남양주
06012,222000048,166-1남양주
06012,222000004,202남양주
06012,234000003,30광주
06012,236000149,3200포천
06012,222000050,51남양주
06012,222000031,65남양주
06012,222000002,707남양주
06012,239000104,8005가평
06012,100100586,N26
06013,100100010,105
06013,100100038,201
06013,100100039,202
06013,100100595,241
06013,100100042,260
06013,100100046,270
06013,100100047,271
06013,100100048,272
06013,100100175,1213
06013,100100181,1224
06013,100100184,1227
06013,100100598,2115
06013,239000110,1330-2가평
06013,239000135,1330-3가평
06013,239000024,1330-44가평
06013,239000111,1330-4가평
06013,222000028,165남양주
06013,222000048,166-1남양주
06013,222000004,202남양주
06013,234000003,30광주
06013,236000149,3200포천
06013,222000050,51남양주
06013,222000031,65남양주
06013,222000002,707남양주
06013,239000104,8005가평
06013,100100586,N26
06014,100100010,105
06014,100100017,120
06014,100100026,147
06014,100100039,202
06014,100100595,241
06014,100100042,260
06014,100100043,261
06014,100100046,270
06014,100100047,271
06014,100100048,272
06014,100100175,1213
06014,100100179,1222
06014,100100181,1224
06014,100100184,1227
06014,100100598,2115
06014,236000149,3200포천
06014,222000050,51남양주
06014,222000031,65남양주
06014,100100593,N13
06014,100100586,N26
06015,100100010,105
06015,100100583,121
06015,100100026,147
06015,100100039,202
06015,100100595,241
06015,100100042,260
06015,100100043,261
06015,100100046,270
06015,100100047,271
06015,100100048,272
06015,100100068,420
06015,100100111,720
06015,100100175,1213
06015,100100179,1222
06015,100100598,2115
06015,100100203,2230
06015,236000149,3200포천
06015,222000050,51남양주
06015,222000031,65남양주
06015,100100593,N13
06015,100100586,N26
06015,111000017,N72
06016,100100595,241
06016,100100042,260
06016,100100046,270
06016,100100598,2115
06016,239000110,1330-2가평
06016,239000135,1330-3가평
06016,239000024,1330-44가평
06016,239000111,1330-4가평
06016,222000050,51남양주
06016,222000031,65남양주
06016,222000002,707남양주
06016,239000104,8005가평
06016,100100586,N26
06017,100100018,130
06017,100100053,303
06017,100100061,370
06017,100100112,721
06017,234000309,9301광주
06017,100100591,N30
06018,100100010,105
06018,100100017,120
06018,100100026,147
06018,100100039,202
06018,100100043,261
06018,100100179,1222
06018,100100181,1224
06018,100100184,1227
06018,236000149,3200포천
06019,100100583,121
06019,100100047,271
06019,100100048,272
06019,100100068,420
06019,100100111,720
06019,100100175,1213
06019,100100203,2230
06019,100100215,3216
06019,100100218,3220
06019,100100593,N13
06019,111000017,N72
06020,105900001,동대문05
06020,100100017,120
06020,100100181,1224
06020,100100184,1227
06020,100100215,3216
06021,100100010,105
06021,100100583,121
06021,100100026,147
06021,100100039,202
06021,100100595,241
06021,100100042,260
06021,100100043,261
06021,100100046,270
06021,100100047,271
06021,100100048,272
06021,100100068,420
06021,100100175,1213
06021,100100179,1222
06021,100100598,2115
06021,100100203,2230
06021,236000149,3200포천
06021,222000050,51남양주
06021,222000031,65남양주
06021,100100593,N13
06021,100100586,N26
06021,111000017,N72
06022,100100010,105
06022,100100026,147
06022,100100038,201
06022,100100039,202
06022,100100595,241
06022,100100042,260
06022,100100043,261
06022,100100044,262
06022,100100046,270
06022,100100047,271
06022,100100048,272
06022,100100068,420
06022,100100111,720
06022,100100183,1226
06022,100100598,2115
06022,100100198,2221
06022,100100204,2233
06022,236000149,3200포천
06022,100100593,N13
06022,100100586,N26
06022,111000017,N72
06023,100100413,6002
06023,100100010,105
06023,100100017,120
06023,100100026,147
06023,100100038,201
06023,100100039,202
06023,100100595,241
06023,100100042,260
06023,100100043,261
06023,100100044,262
06023,100100046,270
06023,100100047,271
06023,100100048,272
06023,100100068,420
06023,100100111,720
06023,100100198,2221
06023,100100204,2233
06023,100100593,N13
06023,100100586,N26
06023,111000017,N72
06024,100100010,105
06024,100100026,147
06024,100100038,201
06024,100100039,202
06024,100100595,241
06024,100100042,260
06024,100100043,261
06024,100100044,262
06024,100100046,270
06024,100100047,271
06024,100100048,272
06024,100100068,420
06024,100100409,421
06024,100100111,720
06024,100100598,2115
06024,100100198,2221
06024,100100204,2233
06024,100100593,N13
06024,100100586,N26
06024,111000017,N72
06025,100100413,6002
06025,100100010,105
06025,100100038,201
06025,100100042,260
06025,100100043,261
06025,100100044,262
06025,100100046,270
06025,100100047,271
06025,100100048,272
06025,100100068,420
06025,100100409,421
06025,100100111,720
06025,100100198,2221
06025,100100204,2233
06025,100100593,N13
06025,100100586,N26
06025,111000017,N72
06026,100100010,105
06026,100100038,201
06026,100100042,260
06026,100100043,261
06026,100100044,262
06026,100100046,270
06026,100100047,271
06026,100100048,272
06026,100100068,420
06026,100100409,421
06026,100100111,720
06026,100100204,2233
06026,100100593,N13
06026,100100586,N26
06026,111000017,N72
06027,100100413,6002
06027,100100010,105
06027,100100038,201
06027,100100042,260
06027,100100043,261
06027,100100044,262
06027,100100046,270
06027,100100047,271
06027,100100048,272
06027,100100068,420
06027,100100111,720
06027,100100204,2233
06027,100100593,N13
06027,100100586,N26
06027,111000017,N72
06028,100100010,105
06028,100100038,201
06028,100100042,260
06028,100100043,261
06028,100100044,262
06028,100100046,270
06028,100100047,271
06028,100100068,420
06028,100100111,720
06028,100100204,2233
06028,100100593,N13
06028,100100586,N26
06028,111000017,N72
06101,107900005,성북04
06101,100100048,272
06101,100100409,421
06101,100100344,7211
06102,100100053,303
06102,100100409,421
06102,100100198,2221
06103,107900005,성북04
06103,100100344,7211
06104,100100053,303
06105,236000149,3200포천
06106,100100409,421
06107,100100006,101
06107,100100008,103
06107,104000009,111
06107,100100023,144
06107,100100031,152
06107,110000002,173
06107,100100048,272
06107,100100344,7211
06107,100100610,N15
06107,117000002,N51
06112,100100111,720
06112,239000110,1330-2가평
06112,239000135,1330-3가평
06112,239000024,1330-44가평
06112,239000111,1330-4가평
06112,222000028,165남양주
06112,222000048,166-1남양주
06112,222000004,202남양주
06112,234000003,30광주
06112,236000149,3200포천
06112,222000050,51남양주
06112,222000031,65남양주
06113,105900001,동대문05
06113,100100583,121
06113,100100111,720
06113,100100184,1227
06113,100100203,2230
06113,100100215,3216
06114,100100010,105
06114,100100017,120
06114,100100583,121
06114,100100026,147
06114,100100039,202
06114,100100595,241
06114,100100042,260
06114,100100043,261
06114,100100046,270
06114,100100047,271
06114,100100048,272
06114,100100068,420
06114,100100111,720
06114,100100175,1213
06114,100100179,1222
06114,100100181,1224
06114,100100184,1227
06114,100100598,2115
06114,100100203,2230
06114,100100215,3216
06114,100100218,3220
06114,239000110,1330-2가평
06114,239000135,1330-3가평
06114,239000024,1330-44가평
06114,239000111,1330-4가평
06114,222000028,165남양주
06114,222000048,166-1남양주
06114,222000004,202남양주
06114,234000003,30광주
06114,236000149,3200포천
06114,222000050,51남양주
06114,222000031,65남양주
06114,222000002,707남양주
06114,100100593,N13
06114,100100586,N26
06114,111000017,N72
06115,100100215,3216
06115,222000028,165남양주
06115,222000048,166-1남양주
06115,222000004,202남양주
06115,234000003,30광주
06115,222000002,707남양주
06117,100100010,105
06117,100100039,202
06117,100100595,241
06117,100100042,260
06117,100100046,270
06117,100100047,271
06117,100100048,272
06117,100100175,1213
06117,100100181,1224
06117,100100184,1227
06117,100100598,2115
06117,222000028,165남양주
06117,222000048,166-1남양주
06117,222000004,202남양주
06117,234000003,30광주
06117,236000149,3200포천
06117,222000050,51남양주
06117,222000031,65남양주
06117,222000002,707남양주
06117,100100586,N26
06118,105900006,동대문03
06118,100100194,2211
06120,100100017,120
06120,100100026,147
06120,100100043,261
06120,100100179,1222
06120,100100593,N13
06121,105900006,동대문03
06121,100100194,2211
06122,100100017,120
06122,100100026,147
06122,100100043,261
06122,100100049,273
06122,100100179,1222
06122,100100593,N13
06123,100100017,120
06123,100100026,147
06123,100100043,261
06123,100100049,273
06123,100100179,1222
06123,100100593,N13
06124,100100017,120
06124,100100026,147
06124,100100043,261
06124,100100049,273
06124,100100179,1222
06124,100100593,N13
06125,100100017,120
06125,100100026,147
06125,100100043,261
06125,100100049,273
06125,100100179,1222
06125,100100593,N13
06126,100100017,120
06126,100100026,147
06126,100100043,261
06126,100100049,273
06126,100100179,1222
06126,100100593,N13
06127,100100017,120
06127,100100026,147
06127,100100043,261
06127,100100049,273
06127,100100179,1222
06127,100100593,N13
06128,105900002,동대문02
06128,100100017,120
06128,100100026,147
06128,100100043,261
06128,100100179,1222
06128,100100593,N13
06129,100100017,120
06129,100100026,147
06129,100100043,261
06129,100100179,1222
06129,100100593,N13
06130,122000012,6100-1
06130,100100017,120
06130,100100026,147
06130,100100043,261
06130,100100179,1222
06130,100100593,N13
06131,100100017,120
06131,100100026,147
06131,100100043,261
06131,100100179,1222
06131,100100593,N13
06132,100100024,145
06132,100100425,1122
06132,100100177,1218
06133,100100024,145
06133,100100425,1122
06133,100100177,1218
06134,100100024,145
06134,100100049,273
06134,100100177,1218
06135,100100024,145
06135,100100049,273
06135,100100177,1218
06136,105900006,동대문03
06136,100100024,145
06136,100100049,273
06136,100100177,1218
06136,100100194,2211
06137,100100024,145
06137,100100177,1218
06137,100100204,2233
06138,100100024,145
06139,100100024,145
06140,105900006,동대문03
06140,100100024,145
06140,100100177,1218
06140,100100194,2211
06141,105900006,동대문03
06141,100100024,145
06141,100100177,1218
06141,100100194,2211
06141,100100204,2233
06142,105900006,동대문03
06142,100100024,145
06142,100100177,1218
06142,100100188,2013
06142,100100194,2211
06142,100100599,2311
06143,100100024,145
06143,100100177,1218
06143,100100188,2013
06143,100100191,2112
06143,100100194,2211
06143,100100204,2233
06143,100100599,2311
06144,105900006,동대문03
06144,100100024,145
06144,100100177,1218
06144,100100188,2013
06144,100100191,2112
06144,100100194,2211
06144,100100204,2233
06144,100100599,2311
06145,100100024,145
06145,100100177,1218
06145,100100204,2233
06145,106000001,8221
06146,100100024,145
06146,100100177,1218
06146,100100204,2233
06147,100100024,145
06147,100100177,1218
06147,100100204,2233
06147,106000001,8221
06148,100100024,145
06148,100100177,1218
06148,100100204,2233
06149,100100024,145
06149,100100194,2211
06149,100100218,3220
06150,100100024,145
06150,100100111,720
06150,100100177,1218
06150,100100218,3220
06150,106000001,8221
06151,100100024,145
06151,100100194,2211
06151,100100218,3220
06152,100100024,145
06152,100100194,2211
06152,100100218,3220
06153,100100024,145
06153,100100111,720
06153,100100177,1218
06153,100100218,3220
06153,106000001,8221
06154,100100024,145
06154,100100194,2211
06154,100100218,3220
06155,100100191,2112
06155,100100204,2233
06155,104000010,2416
06156,100100194,2211
06157,100100024,145
06157,100100177,1218
06157,106000001,8221
06158,100100024,145
06158,100100068,420
06158,100100190,2015
06158,106000001,8221
06159,105900001,동대문05
06159,100100024,145
06159,100100184,1227
06159,100100190,2015
06159,100100191,2112
06160,100100024,145
06160,100100190,2015
06160,100100191,2112
06161,100100053,303
06161,100100061,370
06161,100100112,721
06161,100100191,2112
06161,100100198,2221
06161,100100591,N30
06162,100100053,303
06162,100100061,370
06162,100100112,721
06162,100100191,2112
06162,100100198,2221
06162,234000309,9301광주
06162,100100591,N30
06163,100100061,370
06163,100100112,721
06163,100100191,2112
06163,234000309,9301광주
06163,100100591,N30
06164,100100015,110B국민대
06164,100100409,421
06164,100100184,1227
06164,100100199,2222
06165,100100015,110B국민대
06165,100100018,130
06165,100100020,141
06165,100100027,148
06165,100100199,2222
06166,100100016,110A고려대
06166,100100017,120
06166,100100020,141
06166,100100027,148
06166,100100409,421
06166,100100199,2222
06167,100100583,121
06167,100100018,130
06167,100100027,148
06167,101000009,새벽A148
06167,100100183,1226
06167,100100203,2230
06167,222000050,51남양주
06167,222000031,65남양주
06168,100100016,110A고려대
06168,100100017,120
06168,100100583,121
06168,100100175,1213
06168,100100179,1222
06168,100100181,1224
06168,100100598,2115
06168,100100392,9408
06168,204000067,341성남
06169,100100016,110A고려대
06169,100100017,120
06169,100100018,130
06169,100100020,141
06169,100100027,148
06169,101000009,새벽A148
06169,100100199,2222
06170,100100015,110B국민대
06170,100100583,121
06170,100100018,130
06170,100100020,141
06170,100100027,148
06170,100100175,1213
06171,100100016,110A고려대
06171,100100583,121
06171,100100018,130
06171,100100020,141
06171,100100027,148
06171,100100175,1213
06171,100100179,1222
06171,100100598,2115
06171,100100199,2222
06172,100100015,110B국민대
06172,100100583,121
06172,100100018,130
06172,100100020,141
06172,100100027,148
06172,100100175,1213
06172,100100215,3216
06173,100100015,110B국민대
06173,100100583,121
06173,100100018,130
06173,100100020,141
06173,100100027,148
06173,101000009,새벽A148
06173,100100175,1213
06173,100100215,3216
06174,100100016,110A고려대
06174,100100583,121
06174,100100018,130
06174,100100020,141
06174,100100027,148
06174,101000009,새벽A148
06174,100100175,1213
06174,100100179,1222
06174,100100184,1227
06174,100100199,2222
06175,100100006,101
06175,104000009,111
06175,100100023,144
06175,110000002,173
06175,100100049,273
06175,100100130,1017
06175,100100132,1111
06175,107000007,1112
06175,100100179,1222
06175,100100184,1227
06175,100100199,2222
06175,100100344,7211
06175,117000002,N51
06176,100100006,101
06176,104000009,111
06176,100100023,144
06176,110000002,173
06176,100100130,1017
06176,100100179,1222
06176,100100609,4425
06176,100100344,7211
06176,204000007,357성남
06176,117000002,N51
06177,100100006,101
06177,104000009,111
06177,100100023,144
06177,110000002,173
06177,100100130,1017
06177,100100609,4425
06177,100100344,7211
06177,204000007,357성남
06177,117000002,N51
06178,107900005,성북04
06178,100100006,101
06178,104000009,111
06178,100100023,144
06178,110000002,173
06178,100100344,7211
06178,117000002,N51
06179,107900005,성북04
06179,100100130,1017
06179,100100344,7211
06180,100100130,1017
06180,100100598,2115
06180,100100609,4425
06180,204000007,357성남
06181,107900005,성북04
06181,100100130,1017
06181,100100609,4425
06181,100100344,7211
06181,204000007,357성남
06182,100100026,147
06182,100100039,202
06182,100100595,241
06182,100100053,303
06182,100100130,1017
06182,100100198,2221
06183,100100017,120
06183,100100026,147
06183,100100039,202
06183,100100595,241
06183,100100130,1017
06184,100100026,147
06184,100100039,202
06184,100100595,241
06184,100100130,1017
06185,100100026,147
06185,100100039,202
06185,100100595,241
06185,100100130,1017
06185,100100198,2221
06186,105900001,동대문05
06186,100100583,121
06186,100100068,420
06186,100100111,720
06186,100100203,2230
06186,100100215,3216
06186,111000017,N72
06187,105900001,동대문05
06187,100100583,121
06187,100100068,420
06187,100100111,720
06187,100100184,1227
06187,100100203,2230
06187,100100215,3216
06187,100100218,3220
06187,111000017,N72
06188,100100583,121
06188,100100068,420
06188,100100111,720
06188,100100203,2230
06188,100100215,3216
06188,111000017,N72
06189,100100583,121
06189,100100068,420
06189,100100111,720
06189,100100184,1227
06189,100100203,2230
06189,100100215,3216
06189,100100218,3220
06189,111000017,N72
06190,100100583,121
06190,100100068,420
06190,100100111,720
06190,100100203,2230
06190,100100215,3216
06190,111000017,N72
06191,100100583,121
06191,100100068,420
06191,100100111,720
06191,100100184,1227
06191,100100203,2230
06191,100100215,3216
06191,100100218,3220
06191,111000017,N72
06192,100100068,420
06192,100100111,720
06192,100100190,2015
06192,100100198,2221
06192,100100215,3216
06192,100100218,3220
06193,100100111,720
06193,100100198,2221
06193,100100215,3216
06193,100100218,3220
06194,100100111,720
06194,100100198,2221
06194,100100215,3216
06194,100100218,3220
06195,100100068,420
06195,100100111,720
06195,100100190,2015
06195,100100198,2221
06195,100100215,3216
06195,100100218,3220
06196,100100111,720
06196,100100177,1218
06196,100100198,2221
06196,100100215,3216
06197,100100068,420
06197,100100190,2015
06197,100100198,2221
06197,100100215,3216
06198,100100111,720
06198,100100177,1218
06198,100100198,2221
06198,100100215,3216
06199,100100068,420
06199,100100190,2015
06199,100100198,2221
06199,100100215,3216
06200,100100177,1218
06200,100100198,2221
06200,100100215,3216
06201,100100068,420
06201,100100190,2015
06201,100100198,2221
06201,100100215,3216
06202,100100583,121
06202,100100184,1227
06202,100100188,2013
06202,100100191,2112
06203,100100583,121
06203,100100068,420
06203,100100188,2013
06203,100100190,2015
06203,100100191,2112
06204,100100583,121
06204,100000025,동대문A01
06204,100100184,1227
06204,100100188,2013
06204,100100198,2221
06204,100100204,2233
06204,100100218,3220
06205,100100583,121
06205,100100068,420
06205,100000025,동대문A01
06205,100100188,2013
06205,100100190,2015
06205,100100198,2221
06205,100100204,2233
06206,100100583,121
06206,100100184,1227
06206,100100188,2013
06206,100100198,2221
06206,100100204,2233
06206,100100218,3220
06207,100100583,121
06207,100100068,420
06207,100100188,2013
06207,100100190,2015
06207,100100198,2221
06207,100100204,2233
06208,100100188,2013
06208,100100190,2015
06208,100100203,2230
06208,100100204,2233
06208,111000017,N72
06209,100100188,2013
06209,100100190,2015
06209,100100203,2230
06209,100100204,2233
06209,111000017,N72
06210,100100188,2013
06210,100100190,2015
06210,100100203,2230
06210,100100204,2233
06210,111000017,N72
06211,100100190,2015
06211,100100203,2230
06211,100100204,2233
06211,111000017,N72
06212,105900006,동대문03
06212,100000025,동대문A01
06212,100100190,2015
06212,100100191,2112
06212,100100194,2211
06212,100100203,2230
06212,100100204,2233
06212,100100599,2311
06212,111000017,N72
06213,105900006,동대문03
06213,100000025,동대문A01
06213,100100190,2015
06213,100100194,2211
06213,100100203,2230
06213,100100599,2311
06213,106000001,8221
06213,111000017,N72
06214,105900006,동대문03
06214,100100190,2015
06214,100100191,2112
06214,100100203,2230
06214,100100204,2233
06214,100100599,2311
06214,104000010,2416
06214,111000017,N72
06215,100100190,2015
06215,100100203,2230
06215,100100204,2233
06215,100100599,2311
06215,104000010,2416
06215,111000017,N72
06216,100100044,262
06216,100000025,동대문A01
06216,100100198,2221
06216,100100204,2233
06216,100100218,3220
06217,100100044,262
06217,100000025,동대문A01
06217,100100198,2221
06217,100100204,2233
06218,100100044,262
06218,100100198,2221
06218,100100204,2233
06218,100100218,3220
06219,100100044,262
06219,100100198,2221
06219,100100204,2233
06220,100100044,262
06220,100000025,동대문A01
06220,100100198,2221
06220,100100204,2233
06220,100100218,3220
06221,100100044,262
06221,100000025,동대문A01
06221,100100198,2221
06221,100100204,2233
06222,100100044,262
06222,100100191,2112
06223,100100044,262
06223,100100191,2112
06224,100100044,262
06224,100100191,2112
06225,100100044,262
06225,100100111,720
06225,100100177,1218
06225,100100191,2112
06225,100100218,3220
06225,100100392,9408
06225,204000067,341성남
06226,100100044,262
06226,100100191,2112
06226,100100218,3220
06227,100100044,262
06227,100100111,720
06227,100100177,1218
06227,100100191,2112
06227,100100218,3220
06228,100100044,262
06228,100100191,2112
06228,100100218,3220
06229,100100044,262
06229,100100111,720
06229,100100177,1218
06229,100100191,2112
06229,100100218,3220
06230,100100044,262
06230,100100111,720
06230,100100191,2112
06230,100100218,3220
06231,100100044,262
06231,100100191,2112
06231,100100218,3220
06232,100100044,262
06232,100100191,2112
06232,100100194,2211
06232,100100204,2233
06233,100100044,262
06233,100100191,2112
06233,100100204,2233
06234,100100044,262
06234,100100191,2112
06234,100100204,2233
06235,100100044,262
06235,100100191,2112
06235,100100194,2211
06236,100100044,262
06236,100100191,2112
06236,100100194,2211
06236,100100204,2233
06237,100100194,2211
06237,104000010,2416
06237,106000001,8221
06238,100100191,2112
06238,100100194,2211
06238,100100204,2233
06238,104000010,2416
06239,100100194,2211
06239,104000010,2416
06239,106000001,8221
06240,100100191,2112
06240,100100194,2211
06240,100100204,2233
06240,104000010,2416
06241,100000025,동대문A01
06241,100100194,2211
06241,104000010,2416
06241,106000001,8221
06242,100000025,동대문A01
06242,100100191,2112
06242,100100194,2211
06242,100100204,2233
06242,104000010,2416
06243,100100191,2112
06243,100100204,2233
06243,104000010,2416
06244,100100194,2211
06244,104000010,2416
06244,106000001,8221
06245,100100191,2112
06245,100100204,2233
06245,104000010,2416
06246,100000025,동대문A01
06246,100100194,2211
06246,104000010,2416
06246,106000001,8221
06247,100000025,동대문A01
06247,100100191,2112
06247,100100204,2233
06247,104000010,2416
06248,100100194,2211
06248,104000010,2416
06248,106000001,8221
06249,100100191,2112
06249,100100204,2233
06249,104000010,2416
06250,100100191,2112
06250,100100204,2233
06250,104000010,2416
06251,100000025,동대문A01
06251,100100194,2211
06251,106000001,8221
06252,100000025,동대문A01
06252,100100191,2112
06252,100100204,2233
06252,104000010,2416
06253,106900001,중랑01
06253,100100425,1122
06253,111000019,2236
06254,106900001,중랑01
06254,100100049,273
06254,100100425,1122
06254,111000019,2236
06255,106900001,중랑01
06255,100100049,273
06255,100100425,1122
06255,111000019,2236
06256,105900006,동대문03
06256,100100194,2211
06257,105900006,동대문03
06257,100100194,2211
06258,100100191,2112
06258,100100204,2233
06259,100100191,2112
06259,100100204,2233
06260,100100191,2112
06260,100100204,2233
06261,100100191,2112
06262,100100191,2112
06262,100100204,2233
06263,100100191,2112
06263,100100204,2233
06264,100100191,2112
06265,100100191,2112
06265,100100204,2233
06266,100100191,2112
06267,100100191,2112
06268,100100191,2112
06269,100100194,2211
06270,105900003,동대문01
06270,100100038,201
06270,100100049,273
06270,100100215,3216
06271,100100038,201
06271,100100049,273
06272,100100038,201
06272,100100049,273
06272,100000025,동대문A01
06272,100100215,3216
06273,100100038,201
06273,100100049,273
06273,100000025,동대문A01
06274,100100038,201
06274,100100049,273
06275,100100038,201
06275,100100049,273
06275,100100215,3216
06276,100100049,273
06276,100100183,1226
06277,100100049,273
06277,100100183,1226
06277,100100215,3216
06278,100100038,201
06278,100000025,동대문A01
06278,100100183,1226
06279,100100038,201
06279,100000025,동대문A01
06279,100100183,1226
06280,100100038,201
06280,100100183,1226
06280,100100215,3216
06280,222000028,165남양주
06280,222000048,166-1남양주
06280,222000004,202남양주
06280,234000003,30광주
06280,222000002,707남양주
06281,105900001,동대문05
06281,100100038,201
06281,100100183,1226
06281,100100184,1227
06282,100100038,201
06282,100100183,1226
06282,100100215,3216
06282,222000028,165남양주
06282,222000048,166-1남양주
06282,222000004,202남양주
06282,234000003,30광주
06282,222000002,707남양주
06283,105900001,동대문05
06283,100100038,201
06283,100100183,1226
06283,100100184,1227
06283,100100215,3216
06284,105900001,동대문05
06284,100100038,201
06284,100000025,동대문A01
06284,100100215,3216
06285,100100038,201
06285,100000025,동대문A01
06285,100100183,1226
06285,100100203,2230
06285,100100215,3216
06285,239000110,1330-2가평
06285,239000135,1330-3가평
06285,239000024,1330-44가평
06285,239000111,1330-4가평
06285,222000028,165남양주
06285,222000048,166-1남양주
06285,222000004,202남양주
06285,234000003,30광주
06285,236000149,3200포천
06285,222000050,51남양주
06285,222000031,65남양주
06285,222000002,707남양주
06285,239000104,8005가평
06286,100100017,120
06286,100100181,1224
06287,100100183,1226
06287,100100203,2230
06287,236000149,3200포천
06287,222000050,51남양주
06287,222000031,65남양주
06288,100100179,1222
06289,100100184,1227
06289,100100199,2222
06290,100100598,2115
06291,100100184,1227
06291,100100199,2222
06293,100100049,273
06294,100100049,273
06296,100100049,273
06297,100100215,3216
06297,239000110,1330-2가평
06297,239000135,1330-3가평
06297,239000024,1330-44가평
06297,239000111,1330-4가평
06297,222000028,165남양주
06297,222000048,166-1남양주
06297,222000004,202남양주
06297,234000003,30광주
06297,222000002,707남양주
06297,239000104,8005가평
06298,100000025,동대문A01
06298,100100188,2013
06298,100100190,2015
06298,100100203,2230
06298,100100204,2233
06298,111000017,N72
06299,100100179,1222
06300,100100179,1222
06301,100100049,273
06301,100100425,1122
06302,100100049,273
06302,100100425,1122
06304,100000025,동대문A01
06304,100100188,2013
06304,100100190,2015
06304,100100203,2230
06304,100100204,2233
06304,111000017,N72
06308,100100191,2112
06308,100100204,2233
06309,100100049,273
06309,100100188,2013
06309,100100191,2112
06309,100100599,2311
06310,100100026,147
06310,100100039,202
06310,100100595,241
06310,100100130,1017
06313,100100191,2112
06314,100100191,2112
06315,105900001,동대문05
06315,100100017,120
06315,100100181,1224
06315,100100184,1227
06315,100100215,3216
06318,100100049,273
06320,100100017,120
06320,100100026,147
06320,100100043,261
06320,100100179,1222
06320,100100215,3216
06320,100100593,N13
06321,100100017,120
06321,100100026,147
06321,100100038,201
06321,100100043,261
06321,100100179,1222
06321,100100593,N13
06322,105900006,동대문03
06322,100100024,145
06322,100100177,1218
06322,100100188,2013
06322,100100194,2211
06322,100100599,2311
06330,105900001,동대문05
06330,100100184,1227
06335,100100111,720
06349,105900001,동대문05
06349,100100184,1227
06356,100100044,262
06356,100100191,2112
06356,100100194,2211
06356,100100204,2233
06357,105900001,동대문05
06357,100100184,1227
06358,106900001,중랑01
06358,100100425,1122
06358,111000019,2236
06359,106900001,중랑01
06359,111000019,2236
06416,100100194,2211
06417,105900006,동대문03
06417,100100024,145
06417,100100177,1218
06417,100100194,2211
06417,100100204,2233
06418,100100583,121
06418,100100038,201
06418,100100175,1213
06418,100100179,1222
06418,100100181,1224
06418,100100184,1227
06418,100100598,2115
06419,100100204,2233
06422,105900006,동대문03
06422,100100194,2211
06422,236000149,3200포천
06423,100100188,2013
06423,100100599,2311
06424,100100017,120
06425,100100198,2221
06426,100100010,105
06426,100100017,120
06426,100100026,147
06426,100100039,202
06426,100100595,241
06426,100100042,260
06426,100100043,261
06426,100100044,262
06426,100100046,270
06426,100100047,271
06426,100100048,272
06426,100100068,420
06426,100100111,720
06426,100100198,2221
06426,100100204,2233
06426,100100593,N13
06426,100100586,N26
06426,111000017,N72
06500,105900001,동대문05
06501,105900006,동대문03
06502,105900003,동대문01
06502,105900002,동대문02
06503,105900001,동대문05
06504,105900006,동대문03
06505,105900002,동대문02
06506,105900003,동대문01
06507,100100024,145
06507,100100184,1227
06507,100100190,2015
06507,100100191,2112
06508,105900002,동대문02
06509,105900002,동대문02
06510,105900003,동대문01
06510,100000025,동대문A01
06511,105900001,동대문05
06512,105900002,동대문02
06513,105900002,동대문02
06515,105900001,동대문05
06516,105900002,동대문02
06517,105900002,동대문02
06518,105900002,동대문02
06519,105900001,동대문05
06520,105900002,동대문02
06521,105900002,동대문02
06523,105900001,동대문05
06524,105900006,동대문03
06526,105900001,동대문05
06528,105900002,동대문02
06530,105900001,동대문05
06533,105900001,동대문05
06537,105900001,동대문05
06539,105900002,동대문02
06546,105900006,동대문03
06556,105900002,동대문02
06557,107900005,성북04
06559,105900002,동대문02
06560,105900002,동대문02
06564,105900002,동대문02
06567,105900002,동대문02
06570,105900002,동대문02
06572,105900006,동대문03
06575,105900001,동대문05
06576,105900001,동대문05
06577,105900001,동대문05
06578,105900001,동대문05
06579,105900001,동대문05
06580,105900001,동대문05
06581,105900001,동대문05
06582,105900001,동대문05
06583,105900001,동대문05
06584,105900001,동대문05
06585,105900001,동대문05
06586,105900001,동대문05
06587,105900001,동대문05
06588,105900001,동대문05
06591,105900004,성북20
06591,105900005,성북21
06594,105900003,동대문01
06595,105900006,동대문03
06626,100100420,6013
06628,100100420,6013
06629,100100420,6013
06631,100100420,6013
06755,100100413,6002
06755,115000009,N6002
06756,100100413,6002
06757,100100413,6002
06758,100100413,6002
06768,100100420,6013
06774,110000002,173
06774,100100409,421
06775,100100015,110B국민대
06775,100100020,141
06775,100100175,1213
06775,100100179,1222
06775,100100199,2222
06776,100100016,110A고려대
06776,100100017,120
06776,100100018,130
06776,100100020,141
06776,100100027,148
06776,100100199,2222
06777,100100420,6013
06778,100100420,6013
06779,100100024,145
06779,100100111,720
06779,100100177,1218
06779,100100218,3220
06779,106000001,8221
06780,100100184,1227
06780,100100215,3216
06781,100100184,1227
06999,100100215,3216
06999,222000028,165남양주
06999,222000048,166-1남양주
06999,222000004,202남양주
06999,234000003,30광주
06999,222000002,707남양주
08157,107900005,성북04
08157,100100006,101
08157,104000009,111
08157,100100023,144
08157,110000002,173
08157,100100130,1017
08157,100100344,7211
08157,117000002,N51
